"platform_tt","platform_insta","platform_yt","age","sex","grade","year","sm_usage","sm_freq","post_freq","interact_freq","creator_influencers","creator_brands_sellers","creator_public_health","prob","lower","upper"
0,0,0,0,"1","1","2021",0,0,0,0,0,0,0,0.539061500601195,0.484170162135548,0.593879154073717
1,0,0,0,"1","1","2021",0,0,0,0,0,0,0,0.51567829833323,0.457066726812318,0.57471338185987
0,1,0,0,"1","1","2021",0,0,0,0,0,0,0,0.461820308042248,0.402954397210087,0.522802181997946
1,1,0,0,"1","1","2021",0,0,0,0,0,0,0,0.438611731350004,0.381076972705923,0.497552832367134
0,0,1,0,"1","1","2021",0,0,0,0,0,0,0,0.510512145278603,0.454274888094313,0.568008982912437
1,0,1,0,"1","1","2021",0,0,0,0,0,0,0,0.487074579180967,0.428560332607144,0.546432987297537
0,1,1,0,"1","1","2021",0,0,0,0,0,0,0,0.433534616258002,0.376397259999349,0.493594379265092
1,1,1,0,"1","1","2021",0,0,0,0,0,0,0,0.410643331392234,0.356144212744905,0.468829767552766
